{"epoch": 29, "_timestamp": 1700225593.0166628, "loss": 0.002805063035339117, "root_mean_squared_error": 0.05296284705400467, "mean_absolute_percentage_error": 18337.8359375, "mean_absolute_error": 0.03665650263428688, "val_loss": 0.029890326783061028, "val_root_mean_squared_error": 0.17288818955421448, "val_mean_absolute_percentage_error": 117282.484375, "val_mean_absolute_error": 0.13128700852394104, "_runtime": 146.4269938468933, "_step": 217, "best_val_loss": 0.007601807825267315, "best_epoch": 6, "_wandb": {"runtime": 145}}